NAME,NODE_KIND,details,stingray_bc,stingray_tc,target_core,stim_name,core_a_stim_name,core_a_ns_stim_name,periph_instances,core_mem,data_mem,priority,debug_interface,target_dma,sysclk_src,divcore,divbus,divslow,periph_clk_src,periph_clk_div,periph_clk_cfg,owner,group,stingray_vectors,uvm_test_name,uvm_main_seq,pdm_tickets,postlayout_pdm_tickets,periph_domain
Boot flow/Primary boot and Secondary boot pattern,SECTION,,,,,,,,,,,,,,,,,,,,,,,,,,,,
Dual_Internal-CM33_FlexSPI0_NOR-A35_USDHC0_SD,PLANNED_COVERAGE,Typical Dual boot patterns(Boot from pins),,rom_default,,,,,,,,1,,,,,,,,,,Jiamin,sys_boot_rtl,sys_boot,,,,,
Dual-CM33_FlexSPI0_NOR-A35_USDHC0_SD,PLANNED_COVERAGE,Typical Dual boot patterns(Boot from fuse),,rom_default,,,,,,,,1,,,,,,,,,,Jiamin,sys_boot_rtl,sys_boot,,,,,
Dual_Internal-CM33_FlexSPI0_NOR_SND_4MB_Data_Corrupt-A35_USDHC0_SD,PLANNED_COVERAGE,Typical Dual Secondary boot patterns(Boot from fuse),,rom_default,,,,,,,,1,,,,,,,,,,Jiamin,sys_boot_rtl,sys_boot,,,,,
Dual_Internal-CM33_FlexSPI0_NOR_SND_4MB_Ctnr_Corrupt-A35_USDHC0_SD,PLANNED_COVERAGE,,,rom_default,,,,,,,,1,,,,,,,,,,Jiamin,sys_boot_rtl,sys_boot,,,,,
Dual_Internal-CM33_FlexSPI0_NOR_SND_4MB_Hash_Corrupt-A35_USDHC0_SD,PLANNED_COVERAGE,,,rom_default,,,,,,,,1,,,,,,,,,,Jiamin,sys_boot_rtl,sys_boot,,,,,
Dual_Internal-CM33_FlexSPI0_NOR_Set1_Newer_But_Data_Corrupt-A35_USDHC0_SD,PLANNED_COVERAGE,,,rom_default,,,,,,,,1,,,,,,,,,,Jiamin,sys_boot_rtl,sys_boot,,,,,
Dual_Internal-CM33_FlexSPI0_NOR_Set1_Newer-A35_USDHC0_SD,PLANNED_COVERAGE,,,rom_default,,,,,,,,1,,,,,,,,,,Jiamin,sys_boot_rtl,sys_boot,,,,,
Dual_Internal-CM33_FlexSPI0_NOR_SND_2MB_Data_Corrupt-A35_USDHC0_SD,PLANNED_COVERAGE,,,rom_default,,,,,,,,1,,,,,,,,,,Jiamin,sys_boot_rtl,sys_boot,,,,,
Dual_Internal-CM33_FlexSPI0_NOR_SND_8MB_Data_Corrupt-A35_USDHC0_SD,PLANNED_COVERAGE,,,rom_default,,,,,,,,1,,,,,,,,,,Jiamin,sys_boot_rtl,sys_boot,,,,,
Dual_Internal-CM33_FlexSPI0_NOR-A35_USDHC0_SD-FAB,PLANNED_COVERAGE,,,rom_default,,,,,,,,1,,,,,,,,,,Shockley,sys_boot_rtl,sys_boot,,,,,
Dual_Internal-CM33_FlexSPI0_NOR-A35_USDHC0_SD-NXP_FR,PLANNED_COVERAGE,,,rom_default,,,,,,,,1,,,,,,,,,,Shockley,sys_boot_rtl,sys_boot,,,,,
Dual_Internal-CM33_FlexSPI0_NOR-A35_USDHC0_SD-NXP_PROV,PLANNED_COVERAGE,,,rom_default,,,,,,,,1,,,,,,,,,,Shockley,sys_boot_rtl,sys_boot,,,,,
Dual_Internal-CM33_FlexSPI0_NOR-A35_USDHC0_SD-OEM_FR,PLANNED_COVERAGE,,,rom_default,,,,,,,,1,,,,,,,,,,Shockley,sys_boot_rtl,sys_boot,,,,,
Dual_Internal-CM33_FlexSPI0_NOR-A35_USDHC0_SD-OEM_LOCKED,PLANNED_COVERAGE,,,rom_default,,,,,,,,1,,,,,,,,,,Shockley,sys_boot_rtl,sys_boot,,,,,
Dual_Internal-CM33_FlexSPI0_NOR-A35_USDHC0_SD-OEM_OPEN,PLANNED_COVERAGE,,,rom_default,,,,,,,,1,,,,,,,,,,Shockley,sys_boot_rtl,sys_boot,,,,,
Dual_Internal-CM33_FlexSPI0_NAND-A35_USDHC0_SD,PLANNED_COVERAGE,,,rom_default,,,,,,,,1,,,,,,,,,,Ruxu,sys_boot_rtl,sys_boot,,,,,
Dual_Internal-CM33_FlexSPI0_NAND_Mul_Plane_MX35-A35_USDHC0_SD,PLANNED_COVERAGE,,,rom_default,,,,,,,,1,,,,,,,,,,Ruxu,sys_boot_rtl,sys_boot,,,,,
Dual_Internal-CM33_FlexSPI0_NAND_4K-A35_USDHC0_SD,PLANNED_COVERAGE,,,rom_default,,,,,,,,1,,,,,,,,,,Ruxu,sys_boot_rtl,sys_boot,,,,,
Dual_Internal-CM33_FlexSPI0_NAND_4K_SND_4MB_Data_Corrupt-A35_USDHC0_SD,PLANNED_COVERAGE,,,rom_default,,,,,,,,1,,,,,,,,,,Ruxu,sys_boot_rtl,sys_boot,,,,,
Dual_Internal-CM33_FlexSPI0_NAND_SND_4MB_Data_Corrupt-A35_USDHC0_SD,PLANNED_COVERAGE,,,rom_default,,,,,,,,1,,,,,,,,,,Ruxu,sys_boot_rtl,sys_boot,,,,,
Dual_Internal-CM33_FlexSPI0_NAND_SND_4MB_Ctnr_Corrupt-A35_USDHC0_SD,PLANNED_COVERAGE,,,rom_default,,,,,,,,1,,,,,,,,,,Ruxu,sys_boot_rtl,sys_boot,,,,,
Dual_Internal-CM33_FlexSPI0_NAND_SND_4MB_Hash_Corrupt-A35_USDHC0_SD,PLANNED_COVERAGE,,,rom_default,,,,,,,,1,,,,,,,,,,Ruxu,sys_boot_rtl,sys_boot,,,,,
Dual_Internal-CM33_FlexSPI0_NAND_Set1_Newer_But_Data_Corrupt-A35_USDHC0_SD,PLANNED_COVERAGE,,,rom_default,,,,,,,,1,,,,,,,,,,Ruxu,sys_boot_rtl,sys_boot,,,,,
Dual_Internal-CM33_FlexSPI0_NAND_Set1_Newer-A35_USDHC0_SD,PLANNED_COVERAGE,,,rom_default,,,,,,,,1,,,,,,,,,,Ruxu,sys_boot_rtl,sys_boot,,,,,
Dual_Internal-CM33_FlexSPI0_NAND_SND_2MB_Data_Corrupt-A35_USDHC0_SD,PLANNED_COVERAGE,,,rom_default,,,,,,,,1,,,,,,,,,,Ruxu,sys_boot_rtl,sys_boot,,,,,
Dual_Internal-CM33_FlexSPI0_NAND_SND_8MB_Data_Corrupt-A35_USDHC0_SD,PLANNED_COVERAGE,,,rom_default,,,,,,,,1,,,,,,,,,,Ruxu,sys_boot_rtl,sys_boot,,,,,
Dual_Internal-CM33_FlexSPI0_NAND-A35_USDHC0_SD-FAB,PLANNED_COVERAGE,,,rom_default,,,,,,,,1,,,,,,,,,,Ruxu,sys_boot_rtl,sys_boot,,,,,
Dual_Internal-CM33_FlexSPI0_NAND-A35_USDHC0_SD-NXP_FR,PLANNED_COVERAGE,,,rom_default,,,,,,,,1,,,,,,,,,,Ruxu,sys_boot_rtl,sys_boot,,,,,
Dual_Internal-CM33_FlexSPI0_NAND-A35_USDHC0_SD-NXP_PROV,PLANNED_COVERAGE,,,rom_default,,,,,,,,1,,,,,,,,,,Ruxu,sys_boot_rtl,sys_boot,,,,,
Dual_Internal-CM33_FlexSPI0_NAND-A35_USDHC0_SD-OEM_FR,PLANNED_COVERAGE,,,rom_default,,,,,,,,1,,,,,,,,,,Ruxu,sys_boot_rtl,sys_boot,,,,,
Dual_Internal-CM33_FlexSPI0_NAND-A35_USDHC0_SD-OEM_LOCKED,PLANNED_COVERAGE,,,rom_default,,,,,,,,1,,,,,,,,,,Ruxu,sys_boot_rtl,sys_boot,,,,,
Dual_Internal-CM33_FlexSPI0_NAND-A35_USDHC0_SD-OEM_OPEN,PLANNED_COVERAGE,,,rom_default,,,,,,,,1,,,,,,,,,,Ruxu,sys_boot_rtl,sys_boot,,,,,
Dual_Internal-CM33_FlexSPI0_NOR_OTFAD-A35_USDHC0_SD,PLANNED_COVERAGE,,,rom_default,,,,,,,,1,,,,,,,,,,Jiamin,sys_boot_rtl,sys_boot,,,,,
Dual_Internal-CM33_FlexSPI0_NOR_XIP_OTFAD-A35_USDHC0_SD,PLANNED_COVERAGE,,,rom_default,,,,,,,,1,,,,,,,,,,Jiamin,sys_boot_rtl,sys_boot,,,,,
Dual_Internal-CM33_FlexSPI0_NOR_XIP-A35_USDHC0_SD,PLANNED_COVERAGE,,,rom_default,,,,,,,,1,,,,,,,,,,Jiamin,sys_boot_rtl,sys_boot,,,,,
Dual_Internal-CM33_FlexSPI0_NOR_XIP_SND_4MB_Data_Corrupt-A35_USDHC0_SD,PLANNED_COVERAGE,,,rom_default,,,,,,,,1,,,,,,,,,,Shockley,sys_boot_rtl,sys_boot,,,,,
Dual_Internal-CM33_FlexSPI0_NOR_XIP_SND_4MB_Hash_Corrupt-A35_USDHC0_SD,PLANNED_COVERAGE,,,rom_default,,,,,,,,1,,,,,,,,,,Shockley,sys_boot_rtl,sys_boot,,,,,
Dual_Internal-CM33_FlexSPI0_NOR_XIP_SND_4MB_Ctnr_Corrupt-A35_USDHC0_SD,PLANNED_COVERAGE,,,rom_default,,,,,,,,1,,,,,,,,,,Shockley,sys_boot_rtl,sys_boot,,,,,
Dual_Internal-CM33_FlexSPI0_NOR_XIP_SND_4MB_Set1_Newer-A35_USDHC0_SD,PLANNED_COVERAGE,,,rom_default,,,,,,,,1,,,,,,,,,,Shockley,sys_boot_rtl,sys_boot,,,,,
Dual_Internal-CM33_FlexSPI0_NOR_XIP_SND_4MB_Set1_Newer_But_Data_Corrupt-A35_USDHC0_SD,PLANNED_COVERAGE,,,rom_default,,,,,,,,1,,,,,,,,,,Shockley,sys_boot_rtl,sys_boot,,,,,
Dual_Internal-CM33_FlexSPI0_NOR_XIP_SND_2MB_Data_Corrupt-A35_USDHC0_SD,PLANNED_COVERAGE,,,rom_default,,,,,,,,1,,,,,,,,,,Shockley,sys_boot_rtl,sys_boot,,,,,
Dual_Internal-CM33_FlexSPI0_NOR_XIP_SND_8MB_Data_Corrupt-A35_USDHC0_SD,PLANNED_COVERAGE,,,rom_default,,,,,,,,1,,,,,,,,,,Shockley,sys_boot_rtl,sys_boot,,,,,
Dual_Internal-CM33_FlexSPI0_NOR_XIP-A35_USDHC0_SD-FAB,PLANNED_COVERAGE,,,rom_default,,,,,,,,1,,,,,,,,,,Jiamin,sys_boot_rtl,sys_boot,,,,,
Dual_Internal-CM33_FlexSPI0_NOR_XIP-A35_USDHC0_SD-NXP_FR,PLANNED_COVERAGE,,,rom_default,,,,,,,,1,,,,,,,,,,Jiamin,sys_boot_rtl,sys_boot,,,,,
Dual_Internal-CM33_FlexSPI0_NOR_XIP-A35_USDHC0_SD-NXP_PROV,PLANNED_COVERAGE,,,rom_default,,,,,,,,1,,,,,,,,,,Jiamin,sys_boot_rtl,sys_boot,,,,,
Dual_Internal-CM33_FlexSPI0_NOR_XIP-A35_USDHC0_SD-OEM_FR,PLANNED_COVERAGE,,,rom_default,,,,,,,,1,,,,,,,,,,Jiamin,sys_boot_rtl,sys_boot,,,,,
Dual_Internal-CM33_FlexSPI0_NOR_XIP-A35_USDHC0_SD-OEM_OPEN,PLANNED_COVERAGE,,,rom_default,,,,,,,,1,,,,,,,,,,Jiamin,sys_boot_rtl,sys_boot,,,,,
Dual_Internal-CM33_FlexSPI0_NOR_OTFAD-A35_USDHC0_SD,PLANNED_COVERAGE,,,rom_default,,,,,,,,1,,,,,,,,,,Jiamin,sys_boot_rtl,sys_boot,,,,,
Dual_Internal-CM33_FlexSPI0_NOR_XIP_OTFAD-A35_USDHC0_SD,PLANNED_COVERAGE,,,rom_default,,,,,,,,1,,,,,,,,,,Jiamin,sys_boot_rtl,sys_boot,,,,,
Dual_Internal-CM33_FlexSPI0_NOR-A35_USDHC0_eMMC44,PLANNED_COVERAGE,,,rom_default,,,,,,,,1,,,,,,,,,,Shockley,sys_boot_rtl,sys_boot,,,,,
Dual_Internal-CM33_FlexSPI0_NOR-A35_USDHC0_eMMC44_8bit_DDR,PLANNED_COVERAGE,,,rom_default,,,,,,,,1,,,,,,,,,,Shockley,sys_boot_rtl,sys_boot,,,,,
Dual_Internal-CM33_FlexSPI0_NOR-A35_USDHC0_eMMC44_8bit_DDR_DLL_EN,PLANNED_COVERAGE,,,rom_default,,,,,,,,1,,,,,,,,,,Shockley,sys_boot_rtl,sys_boot,,,,,
Dual_Internal-CM33_FlexSPI0_NOR-A35_USDHC0_eMMC44_FB_8bit_DDR_ACK_DLL_EN_OV,PLANNED_COVERAGE,,,rom_default,,,,,,,,1,,,,,,,,,,Shockley,sys_boot_rtl,sys_boot,,,,,
Dual_Internal-CM33_FlexSPI0_NOR-A35_USDHC0_eMMC44_FB_8bit_DDR_ACK_RST_EN_PAD_OV-Usr_Part,PLANNED_COVERAGE,,,rom_default,,,,,,,,1,,,,,,,,,,Shockley,sys_boot_rtl,sys_boot,,,,,
Dual_Internal-CM33_FlexSPI0_NOR-A35_USDHC0_eMMC44_FastBoot_8bit_DDR-Boot_Part,PLANNED_COVERAGE,,,rom_default,,,,,,,,1,,,,,,,,,,Shockley,sys_boot_rtl,sys_boot,,,,,
Dual_Internal-CM33_FlexSPI0_NOR-A35_USDHC0_eMMC51_8bit_DDR-Boot,PLANNED_COVERAGE,,,rom_default,,,,,,,,1,,,,,,,,,,Shockley,sys_boot_rtl,sys_boot,,,,,
Dual_Internal-CM33_FlexSPI0_NOR-A35_USDHC0_eMMC51_FB_8bit_DDR_ACK-Usr_Part,PLANNED_COVERAGE,,,rom_default,,,,,,,,1,,,,,,,,,,Shockley,sys_boot_rtl,sys_boot,,,,,
Dual_Internal-CM33_FlexSPI0_NOR-A35_USDHC0_eMMC_8bit_DDR_ACK,PLANNED_COVERAGE,,,rom_default,,,,,,,,1,,,,,,,,,,Shockley,sys_boot_rtl,sys_boot,,,,,
Dual_Internal-CM33_FlexSPI0_NOR-A35_USDHC0_eMMC_FB_4bit_DDR_NOACK,PLANNED_COVERAGE,,,rom_default,,,,,,,,1,,,,,,,,,,Shockley,sys_boot_rtl,sys_boot,,,,,
Dual_Internal-CM33_FlexSPI0_NOR-A35_USDHC0_eMMC_FB_4bit_SDR_ACK,PLANNED_COVERAGE,,,rom_default,,,,,,,,1,,,,,,,,,,Shockley,sys_boot_rtl,sys_boot,,,,,
Dual_Internal-CM33_FlexSPI0_NOR-A35_USDHC0_eMMC44_8bit_DDR_SND_4MB_Data_Corrupt,PLANNED_COVERAGE,,,rom_default,,,,,,,,1,,,,,,,,,,Shockley,sys_boot_rtl,sys_boot,,,,,
Dual_Internal-CM33_FlexSPI0_NOR-A35_USDHC0_eMMC44_8bit_DDR_SND_4MB_Hash_Corrupt,PLANNED_COVERAGE,,,rom_default,,,,,,,,1,,,,,,,,,,Shockley,sys_boot_rtl,sys_boot,,,,,
Dual_Internal-CM33_FlexSPI0_NOR-A35_USDHC0_eMMC44_8bit_DDR_SND_4MB_Ctnr_Corrupt,PLANNED_COVERAGE,,,rom_default,,,,,,,,1,,,,,,,,,,Shockley,sys_boot_rtl,sys_boot,,,,,
Dual_Internal-CM33_FlexSPI0_NOR-A35_USDHC0_eMMC44_8bit_DDR_Set1_Newer,PLANNED_COVERAGE,,,rom_default,,,,,,,,1,,,,,,,,,,Shockley,sys_boot_rtl,sys_boot,,,,,
Dual_Internal-CM33_FlexSPI0_NOR-A35_USDHC0_eMMC44_8bit_DDR_Set1_Newer_But_Data_Corrupt,PLANNED_COVERAGE,,,rom_default,,,,,,,,1,,,,,,,,,,Shockley,sys_boot_rtl,sys_boot,,,,,
Dual_Internal-CM33_FlexSPI0_NOR-A35_USDHC0_eMMC44_8bit_DDR_SND_2MB_Data_Corrupt,PLANNED_COVERAGE,,,rom_default,,,,,,,,1,,,,,,,,,,Shockley,sys_boot_rtl,sys_boot,,,,,
Dual_Internal-CM33_FlexSPI0_NOR-A35_USDHC0_eMMC44_8bit_DDR_SND_8MB_Data_Corrupt,PLANNED_COVERAGE,,,rom_default,,,,,,,,1,,,,,,,,,,Shockley,sys_boot_rtl,sys_boot,,,,,
Dual_Internal-CM33_FlexSPI0_NOR-A35_USDHC0_eMMC44_8bit_DDR-FAB,PLANNED_COVERAGE,,,rom_default,,,,,,,,1,,,,,,,,,,Shockley,sys_boot_rtl,sys_boot,,,,,
Dual_Internal-CM33_FlexSPI0_NOR-A35_USDHC0_eMMC44_8bit_DDR-NXP_FR,PLANNED_COVERAGE,,,rom_default,,,,,,,,1,,,,,,,,,,Shockley,sys_boot_rtl,sys_boot,,,,,
Dual_Internal-CM33_FlexSPI0_NOR-A35_USDHC0_eMMC44_8bit_DDR-NXP_PROV,PLANNED_COVERAGE,,,rom_default,,,,,,,,1,,,,,,,,,,Shockley,sys_boot_rtl,sys_boot,,,,,
Dual_Internal-CM33_FlexSPI0_NOR-A35_USDHC0_eMMC44_8bit_DDR-OEM_FR,PLANNED_COVERAGE,,,rom_default,,,,,,,,1,,,,,,,,,,Shockley,sys_boot_rtl,sys_boot,,,,,
Dual_Internal-CM33_FlexSPI0_NOR-A35_USDHC0_eMMC44_8bit_DDR-OEM_LOCKED,PLANNED_COVERAGE,,,rom_default,,,,,,,,1,,,,,,,,,,Shockley,sys_boot_rtl,sys_boot,,,,,
Dual_Internal-CM33_FlexSPI0_NOR-A35_USDHC0_eMMC44_8bit_DDR-OEM_OPEN,PLANNED_COVERAGE,,,rom_default,,,,,,,,1,,,,,,,,,,Shockley,sys_boot_rtl,sys_boot,,,,,
Dual_Internal-CM33_FlexSPI0_NOR-A35_USDHC0_eMMC_8bit_DDR_ACK-BT_Part1-SND,PLANNED_COVERAGE,,,rom_default,,,,,,,,1,,,,,,,,,,Shockley,sys_boot_rtl,sys_boot,,,,,
Dual_Internal-CM33_FlexSPI0_NOR-A35_USDHC0_eMMC_8bit_DDR_ACK-BT_Part2-SND,PLANNED_COVERAGE,,,rom_default,,,,,,,,1,,,,,,,,,,Shockley,sys_boot_rtl,sys_boot,,,,,
Dual_Internal-CM33_FlexSPI0_NOR-A35_USDHC0_eMMC_FB_8bit_DDR_ACK-BT_Part1-SND,PLANNED_COVERAGE,,,rom_default,,,,,,,,1,,,,,,,,,,Shockley,sys_boot_rtl,sys_boot,,,,,
Dual_Internal-CM33_FlexSPI0_NOR-A35_USDHC0_eMMC_FB_8bit_DDR_ACK-BT_Part2-SND,PLANNED_COVERAGE,,,rom_default,,,,,,,,1,,,,,,,,,,Shockley,sys_boot_rtl,sys_boot,,,,,
Dual_Internal-CM33_FlexSPI0_NOR-A35_USDHC0_eMMC_FB_8bit_SDR_NOACK-Usr_Part-SND,PLANNED_COVERAGE,,,rom_default,,,,,,,,1,,,,,,,,,,Shockley,sys_boot_rtl,sys_boot,,,,,
Dual_Internal-CM33_FlexSPI0_NOR-A35_USDHC1_SD,PLANNED_COVERAGE,,,rom_default,,,,,,,,1,,,,,,,,,,Shockley,sys_boot_rtl,sys_boot,,,,,
Dual_Internal-CM33_FlexSPI0_NOR-A35_USDHC1_SDXC_4bit_SDR104,PLANNED_COVERAGE,,,rom_default,,,,,,,,1,,,,,,,,,,Shockley,sys_boot_rtl,sys_boot,,,,,
Dual_Internal-CM33_FlexSPI0_NOR-A35_USDHC1_SDXC_4bit_SDR104_RST_2.5ms,PLANNED_COVERAGE,,,rom_default,,,,,,,,1,,,,,,,,,,Shockley,sys_boot_rtl,sys_boot,,,,,
Dual_Internal-CM33_FlexSPI0_NOR-A35_USDHC1_SD_SND_4MB_Data_Corrupt,PLANNED_COVERAGE,,,rom_default,,,,,,,,1,,,,,,,,,,Shockley,sys_boot_rtl,sys_boot,,,,,
Dual_Internal-CM33_FlexSPI0_NOR-A35_USDHC1_SD_SND_4MB_Hash_Corrupt,PLANNED_COVERAGE,,,rom_default,,,,,,,,1,,,,,,,,,,Shockley,sys_boot_rtl,sys_boot,,,,,
Dual_Internal-CM33_FlexSPI0_NOR-A35_USDHC1_SD_SND_4MB_Ctnr_Corrupt,PLANNED_COVERAGE,,,rom_default,,,,,,,,1,,,,,,,,,,Shockley,sys_boot_rtl,sys_boot,,,,,
Dual_Internal-CM33_FlexSPI0_NOR-A35_USDHC1_SD_Set1_Newer,PLANNED_COVERAGE,,,rom_default,,,,,,,,1,,,,,,,,,,Shockley,sys_boot_rtl,sys_boot,,,,,
Dual_Internal-CM33_FlexSPI0_NOR-A35_USDHC1_SD_SND_2MB_Data_Corrup,PLANNED_COVERAGE,,,rom_default,,,,,,,,1,,,,,,,,,,Shockley,sys_boot_rtl,sys_boot,,,,,
Dual_Internal-CM33_FlexSPI0_NOR-A35_USDHC1_SD_SND_8MB_Data_Corrup,PLANNED_COVERAGE,,,rom_default,,,,,,,,1,,,,,,,,,,Shockley,sys_boot_rtl,sys_boot,,,,,
Dual_Internal-CM33_FlexSPI0_NOR-A35_USDHC2_eMMC_8bit_DDR_ACK,PLANNED_COVERAGE,,,rom_default,,,,,,,,1,,,,,,,,,,Shockley,sys_boot_rtl,sys_boot,,,,,
Dual_Internal-CM33_FlexSPI0_NOR-A35_FlexSPI2_NAND_Mul_Plane_MX35,PLANNED_COVERAGE,,,rom_default,,,,,,,,1,,,,,,,,,,Ruxu,sys_boot_rtl,sys_boot,,,,,
Dual_Internal-CM33_FlexSPI0_NOR-A35_FlexSPI2_NAND,PLANNED_COVERAGE,,,rom_default,,,,,,,,1,,,,,,,,,,Ruxu,sys_boot_rtl,sys_boot,,,,,
Dual_Internal-CM33_FlexSPI0_NOR-A35_FlexSPI2_NAND-FAB,PLANNED_COVERAGE,,,rom_default,,,,,,,,1,,,,,,,,,,Ruxu,sys_boot_rtl,sys_boot,,,,,
Dual_Internal-CM33_FlexSPI0_NOR-A35_FlexSPI2_NAND-NXP_FR,PLANNED_COVERAGE,,,rom_default,,,,,,,,1,,,,,,,,,,Ruxu,sys_boot_rtl,sys_boot,,,,,
Dual_Internal-CM33_FlexSPI0_NOR-A35_FlexSPI2_NAND-NXP_PROV,PLANNED_COVERAGE,,,rom_default,,,,,,,,1,,,,,,,,,,Ruxu,sys_boot_rtl,sys_boot,,,,,
Dual_Internal-CM33_FlexSPI0_NOR-A35_FlexSPI2_NAND-OEM_FR,PLANNED_COVERAGE,,,rom_default,,,,,,,,1,,,,,,,,,,Ruxu,sys_boot_rtl,sys_boot,,,,,
Dual_Internal-CM33_FlexSPI0_NOR-A35_FlexSPI2_NAND-OEM_LOCKED,PLANNED_COVERAGE,,,rom_default,,,,,,,,1,,,,,,,,,,Ruxu,sys_boot_rtl,sys_boot,,,,,
Dual_Internal-CM33_FlexSPI0_NOR-A35_FlexSPI2_NAND-OEM_OPEN,PLANNED_COVERAGE,,,rom_default,,,,,,,,1,,,,,,,,,,Ruxu,sys_boot_rtl,sys_boot,,,,,
Dual_Internal-CM33_FlexSPI0_NOR-A35_FlexSPI2_NAND_SND_4MB_Data_Corrupt,PLANNED_COVERAGE,,,rom_default,,,,,,,,1,,,,,,,,,,Ruxu,sys_boot_rtl,sys_boot,,,,,
Dual_Internal-CM33_FlexSPI0_NOR-A35_FlexSPI2_NAND_SND_4MB_Hash_Corrupt,PLANNED_COVERAGE,,,rom_default,,,,,,,,1,,,,,,,,,,Ruxu,sys_boot_rtl,sys_boot,,,,,
Dual_Internal-CM33_FlexSPI0_NOR-A35_FlexSPI2_NAND_SND_4MB_Cntr_Corrupt,PLANNED_COVERAGE,,,rom_default,,,,,,,,1,,,,,,,,,,Ruxu,sys_boot_rtl,sys_boot,,,,,
Dual_Internal-CM33_FlexSPI0_NOR-A35_FlexSPI2_NAND_Set1_Newer,PLANNED_COVERAGE,,,rom_default,,,,,,,,1,,,,,,,,,,Ruxu,sys_boot_rtl,sys_boot,,,,,
Dual_Internal-CM33_FlexSPI0_NOR-A35_FlexSPI2_NAND_Set1_Newer_But_Data_Corrupt,PLANNED_COVERAGE,,,rom_default,,,,,,,,1,,,,,,,,,,Ruxu,sys_boot_rtl,sys_boot,,,,,
Dual_Internal-CM33_FlexSPI0_NOR-A35_FlexSPI2_NAND_SND_2MB_Data_Corrupt,PLANNED_COVERAGE,,,rom_default,,,,,,,,1,,,,,,,,,,Ruxu,sys_boot_rtl,sys_boot,,,,,
Dual_Internal-CM33_FlexSPI0_NOR-A35_FlexSPI2_NAND_SND_2MB_Cntr_Corrupt,PLANNED_COVERAGE,,,rom_default,,,,,,,,1,,,,,,,,,,Ruxu,sys_boot_rtl,sys_boot,,,,,
Dual_Internal-CM33_FlexSPI0_NOR-A35_FlexSPI2_NAND_SND_2MB_Hash_Corrupt,PLANNED_COVERAGE,,,rom_default,,,,,,,,1,,,,,,,,,,Ruxu,sys_boot_rtl,sys_boot,,,,,
Dual_Internal-CM33_FlexSPI0_NOR-A35_FlexSPI2_NAND_SND_8MB_Data_Corrupt,PLANNED_COVERAGE,,,rom_default,,,,,,,,1,,,,,,,,,,Ruxu,sys_boot_rtl,sys_boot,,,,,
Dual_Internal-CM33_FlexSPI0_NOR-A35_FlexSPI2_NAND_SND_8MB_Cntr_Corrupt,PLANNED_COVERAGE,,,rom_default,,,,,,,,1,,,,,,,,,,Ruxu,sys_boot_rtl,sys_boot,,,,,
Dual_Internal-CM33_FlexSPI0_NOR-A35_FlexSPI2_NAND_SND_8MB_Hash_Corrupt,PLANNED_COVERAGE,,,rom_default,,,,,,,,1,,,,,,,,,,Ruxu,sys_boot_rtl,sys_boot,,,,,
Dual_Internal-CM33_FlexSPI0_NOR-A35_FlexSPI2_NAND_4K,PLANNED_COVERAGE,,,rom_default,,,,,,,,1,,,,,,,,,,Ruxu,sys_boot_rtl,sys_boot,,,,,
Dual_Internal-CM33_FlexSPI0_NOR-A35_FlexSPI2_NAND_4K_SND_4MB_Data_Corrupt,PLANNED_COVERAGE,,,rom_default,,,,,,,,1,,,,,,,,,,Ruxu,sys_boot_rtl,sys_boot,,,,,
Single_Internal-FlexSPI2_NAND_Mul_Plane_MX35,PLANNED_COVERAGE,,,rom_default,,,,,,,,1,,,,,,,,,,Ruxu,sys_boot_rtl,sys_boot,,,,,
Single_Internal-FlexSPI2_NAND,PLANNED_COVERAGE,,,rom_default,,,,,,,,1,,,,,,,,,,Ruxu,sys_boot_rtl,sys_boot,,,,,
Single_Internal-FlexSPI2_NAND-FAB,PLANNED_COVERAGE,,,rom_default,,,,,,,,1,,,,,,,,,,Ruxu,sys_boot_rtl,sys_boot,,,,,
Single_Internal-FlexSPI2_NAND-NXP_PROV,PLANNED_COVERAGE,,,rom_default,,,,,,,,1,,,,,,,,,,Ruxu,sys_boot_rtl,sys_boot,,,,,
Single_Internal-FlexSPI2_NAND-NXP_FR,PLANNED_COVERAGE,,,rom_default,,,,,,,,1,,,,,,,,,,Ruxu,sys_boot_rtl,sys_boot,,,,,
Single_Internal-FlexSPI2_NAND-OEM_FR,PLANNED_COVERAGE,,,rom_default,,,,,,,,1,,,,,,,,,,Ruxu,sys_boot_rtl,sys_boot,,,,,
Single_Internal-FlexSPI2_NAND-OEM_LOCKED,PLANNED_COVERAGE,,,rom_default,,,,,,,,1,,,,,,,,,,Ruxu,sys_boot_rtl,sys_boot,,,,,
Single_Internal-FlexSPI2_NAND-OEM_OPEN,PLANNED_COVERAGE,,,rom_default,,,,,,,,1,,,,,,,,,,Ruxu,sys_boot_rtl,sys_boot,,,,,
Single_Internal-FlexSPI2_NAND_SND_4MB_Data_Corrupt,PLANNED_COVERAGE,,,rom_default,,,,,,,,1,,,,,,,,,,Ruxu,sys_boot_rtl,sys_boot,,,,,
Single_Internal-FlexSPI2_NAND_SND_4MB_Hash_Corrupt,PLANNED_COVERAGE,,,rom_default,,,,,,,,1,,,,,,,,,,Ruxu,sys_boot_rtl,sys_boot,,,,,
Single_Internal-FlexSPI2_NAND_SND_4MB_Cntr_Corrupt,PLANNED_COVERAGE,,,rom_default,,,,,,,,1,,,,,,,,,,Ruxu,sys_boot_rtl,sys_boot,,,,,
Single_Internal-FlexSPI2_NAND_Set1_Newer,PLANNED_COVERAGE,,,rom_default,,,,,,,,1,,,,,,,,,,Ruxu,sys_boot_rtl,sys_boot,,,,,
Single_Internal-FlexSPI2_NAND_Set1_Newer_But_Data_Corrupt,PLANNED_COVERAGE,,,rom_default,,,,,,,,1,,,,,,,,,,Ruxu,sys_boot_rtl,sys_boot,,,,,
Single_Internal-FlexSPI2_NAND_SND_2MB_Data_Corrupt,PLANNED_COVERAGE,,,rom_default,,,,,,,,1,,,,,,,,,,Ruxu,sys_boot_rtl,sys_boot,,,,,
Single_Internal-FlexSPI2_NAND_SND_2MB_Hash_Corrupt,PLANNED_COVERAGE,,,rom_default,,,,,,,,1,,,,,,,,,,Ruxu,sys_boot_rtl,sys_boot,,,,,
Single_Internal-FlexSPI2_NAND_SND_2MB_Cntr_Corrupt,PLANNED_COVERAGE,,,rom_default,,,,,,,,1,,,,,,,,,,Ruxu,sys_boot_rtl,sys_boot,,,,,
Single_Internal-FlexSPI2_NAND_SND_8MB_Data_Corrupt,PLANNED_COVERAGE,,,rom_default,,,,,,,,1,,,,,,,,,,Ruxu,sys_boot_rtl,sys_boot,,,,,
Single_Internal-FlexSPI2_NAND_SND_8MB_Cntr_Corrupt,PLANNED_COVERAGE,,,rom_default,,,,,,,,1,,,,,,,,,,Ruxu,sys_boot_rtl,sys_boot,,,,,
Single_Internal-FlexSPI2_NAND_SND_8MB_Hash_Corrupt,PLANNED_COVERAGE,,,rom_default,,,,,,,,1,,,,,,,,,,Ruxu,sys_boot_rtl,sys_boot,,,,,
Single_Internal-FlexSPI2_NAND_4K,PLANNED_COVERAGE,,,rom_default,,,,,,,,1,,,,,,,,,,Ruxu,sys_boot_rtl,sys_boot,,,,,
Single_Internal-FlexSPI2_NAND_4K_SND_4MB_Data_Corrupt,PLANNED_COVERAGE,,,rom_default,,,,,,,,1,,,,,,,,,,Ruxu,sys_boot_rtl,sys_boot,,,,,
Single_Internal-FlexSPI2_NAND_W25_QUAD_100MHz,PLANNED_COVERAGE,,,rom_default,,,,,,,,1,,,,,,,,,,Ruxu,sys_boot_rtl,sys_boot,,,,,
Single_Internal-FlexSPI2_NAND_W25_QUAD_100MHz_SND_8MB_Data_Corrupt,PLANNED_COVERAGE,,,rom_default,,,,,,,,1,,,,,,,,,,Ruxu,sys_boot_rtl,sys_boot,,,,,
Single_Internal-FlexSPI2_NAND_MT29_QUAD_50MHz,PLANNED_COVERAGE,,,rom_default,,,,,,,,1,,,,,,,,,,Ruxu,sys_boot_rtl,sys_boot,,,,,
Single_Internal-FlexSPI2_NAND_MT29_QUAD_100MHz,PLANNED_COVERAGE,,,rom_default,,,,,,,,1,,,,,,,,,,Ruxu,sys_boot_rtl,sys_boot,,,,,
UT-M33-LPSPI0-CS0,PLANNED_COVERAGE,,,rom_default,,,,,,,,1,,,,,,,,,,Ruxu,sys_boot_rtl,sys_boot,,,,,
UT-M33-LPSPI0-CS1,PLANNED_COVERAGE,,,rom_default,,,,,,,,1,,,,,,,,,,Ruxu,sys_boot_rtl,sys_boot,,,,,
UT-M33-LPSPI1-CS0,PLANNED_COVERAGE,,,rom_default,,,,,,,,1,,,,,,,,,,Ruxu,sys_boot_rtl,sys_boot,,,,,
UT-M33-LPSPI1-CS1,PLANNED_COVERAGE,,,rom_default,,,,,,,,1,,,,,,,,,,Ruxu,sys_boot_rtl,sys_boot,,,,,
UT-A35-LPSPI4-CS0,PLANNED_COVERAGE,,,rom_default,,,,,,,,1,,,,,,,,,,Ruxu,sys_boot_rtl,sys_boot,,,,,
UT-A35-LPSPI4-CS1,PLANNED_COVERAGE,,,rom_default,,,,,,,,1,,,,,,,,,,Ruxu,sys_boot_rtl,sys_boot,,,,,
UT-A35-LPSPI5-CS0,PLANNED_COVERAGE,,,rom_default,,,,,,,,1,,,,,,,,,,Ruxu,sys_boot_rtl,sys_boot,,,,,
UT-A35-LPSPI5-CS1,PLANNED_COVERAGE,,,rom_default,,,,,,,,1,,,,,,,,,,Ruxu,sys_boot_rtl,sys_boot,,,,,
Dual_Internal_CM33_FlexSPI0_NOR_RECOVERY_LPSPI0_CS0-A35-USDHC0_SD,PLANNED_COVERAGE,,,rom_default,,,,,,,,1,,,,,,,,,,Ruxu,sys_boot_rtl,sys_boot,,,,,
Dual_Internal_CM33_FlexSPI0_NOR_RECOVERY_LPSPI0_CS1-A35-USDHC0_SD,PLANNED_COVERAGE,,,rom_default,,,,,,,,1,,,,,,,,,,Ruxu,sys_boot_rtl,sys_boot,,,,,
Dual_Internal_CM33_FlexSPI0_NOR_RECOVERY_LPSPI1_CS0-A35-USDHC0_SD,PLANNED_COVERAGE,,,rom_default,,,,,,,,1,,,,,,,,,,Ruxu,sys_boot_rtl,sys_boot,,,,,
Dual_Internal_CM33_FlexSPI0_NOR_RECOVERY_LPSPI1_CS1-A35-USDHC0_SD,PLANNED_COVERAGE,,,rom_default,,,,,,,,1,,,,,,,,,,Ruxu,sys_boot_rtl,sys_boot,,,,,
Dual_Internal-CM33_FlexSPI0_NOR-A35_FlexSPI2_NAND_Invalid-LPSPI4-CS0_Recovery,PLANNED_COVERAGE,,,rom_default,,,,,,,,1,,,,,,,,,,Ruxu,sys_boot_rtl,sys_boot,,,,,
Dual_Internal-CM33_FlexSPI0_NOR-A35_FlexSPI2_NAND_Invalid-LPSPI4-CS1_Recovery,PLANNED_COVERAGE,,,rom_default,,,,,,,,1,,,,,,,,,,Ruxu,sys_boot_rtl,sys_boot,,,,,
Dual_Internal-CM33_FlexSPI0_NOR-A35_FlexSPI2_NAND_Invalid-LPSPI5-CS0_Recovery,PLANNED_COVERAGE,,,rom_default,,,,,,,,1,,,,,,,,,,Ruxu,sys_boot_rtl,sys_boot,,,,,
Dual_Internal-CM33_FlexSPI0_NOR-A35_FlexSPI2_NAND_Invalid-LPSPI5-CS1_Recovery,PLANNED_COVERAGE,,,rom_default,,,,,,,,1,,,,,,,,,,Ruxu,sys_boot_rtl,sys_boot,,,,,
Single-A35_SD_Invalid-LPSPI4-CS0_Recovery,PLANNED_COVERAGE,,,rom_default,,,,,,,,1,,,,,,,,,,Ruxu,sys_boot_rtl,sys_boot,,,,,
Single_Internal-USDHC0_SD-SDR104,PLANNED_COVERAGE,,,rom_default,,,,,,,,1,,,,,,,,,,Shockley,sys_boot_rtl,sys_boot,,,,,
Single_Internal-USDHC0_SD-SDR12,PLANNED_COVERAGE,,,rom_default,,,,,,,,1,,,,,,,,,,Shockley,sys_boot_rtl,sys_boot,,,,,
Single_Internal-USDHC0_emmc44-4bit,PLANNED_COVERAGE,,,rom_default,,,,,,,,1,,,,,,,,,,Shockley,sys_boot_rtl,sys_boot,,,,,
Single_Internal-USDHC0_emmc44-8bit-DDR,PLANNED_COVERAGE,,,rom_default,,,,,,,,1,,,,,,,,,,Shockley,sys_boot_rtl,sys_boot,,,,,
Single_Internal-USDHC1_SD-SDR25,PLANNED_COVERAGE,,,rom_default,,,,,,,,1,,,,,,,,,,Shockley,sys_boot_rtl,sys_boot,,,,,
Single_Internal-USDHC1_emmc44-8bit-High,PLANNED_COVERAGE,,,rom_default,,,,,,,,1,,,,,,,,,,Shockley,sys_boot_rtl,sys_boot,,,,,
Single_Internal-USDHC2_SD-SDR50,PLANNED_COVERAGE,,,rom_default,,,,,,,,1,,,,,,,,,,Shockley,sys_boot_rtl,sys_boot,,,,,
Single_Internal-USDHC2_emmc44-4bit-DDR-High,PLANNED_COVERAGE,,,rom_default,,,,,,,,1,,,,,,,,,,Shockley,sys_boot_rtl,sys_boot,,,,,
Single_Internal-USDHC0_emmc44-8bit-High-FB_noack,PLANNED_COVERAGE,,,rom_default,,,,,,,,1,,,,,,,,,,Shockley,sys_boot_rtl,sys_boot,,,,,
Single_Internal-USDHC1_emmc44-4bit-FB_ack,PLANNED_COVERAGE,,,rom_default,,,,,,,,1,,,,,,,,,,Shockley,sys_boot_rtl,sys_boot,,,,,
Single_Internal-USDHC2_emmc44-8bit-DDR-High-FB_boot1_ack,PLANNED_COVERAGE,,,rom_default,,,,,,,,1,,,,,,,,,,Shockley,sys_boot_rtl,sys_boot,,,,,
Single_Internal-USDHC0_eMMC44_8bit_DDR_SND_4MB_Data_Corrupt,PLANNED_COVERAGE,,,rom_default,,,,,,,,1,,,,,,,,,,Shockley,sys_boot_rtl,sys_boot,,,,,
Single_Internal-USDHC0_eMMC44_8bit_DDR_SND_4MB_Hash_Corrupt,PLANNED_COVERAGE,,,rom_default,,,,,,,,1,,,,,,,,,,Shockley,sys_boot_rtl,sys_boot,,,,,
Single_Internal-USDHC0_eMMC44_8bit_DDR_SND_4MB_Ctnr_Corrupt,PLANNED_COVERAGE,,,rom_default,,,,,,,,1,,,,,,,,,,Shockley,sys_boot_rtl,sys_boot,,,,,
Single_Internal-USDHC0_eMMC44_8bit_DDR_Set1_Newer,PLANNED_COVERAGE,,,rom_default,,,,,,,,1,,,,,,,,,,Shockley,sys_boot_rtl,sys_boot,,,,,
Single_Internal-USDHC0_eMMC44_8bit_DDR_2MB_Data_Corrupt,PLANNED_COVERAGE,,,rom_default,,,,,,,,1,,,,,,,,,,Shockley,sys_boot_rtl,sys_boot,,,,,
Single_Internal-USDHC0_eMMC44_8bit_DDR_SND_8MB_Data_Corrupt,PLANNED_COVERAGE,,,rom_default,,,,,,,,1,,,,,,,,,,Shockley,sys_boot_rtl,sys_boot,,,,,
Single_Internal-USDHC1_SD,PLANNED_COVERAGE,,,rom_default,,,,,,,,1,,,,,,,,,,Shockley,sys_boot_rtl,sys_boot,,,,,
Single_Internal-USDHC1_SD-FAB,PLANNED_COVERAGE,,,rom_default,,,,,,,,1,,,,,,,,,,Shockley,sys_boot_rtl,sys_boot,,,,,
Single_Internal-USDHC1_SD-NXP_FR,PLANNED_COVERAGE,,,rom_default,,,,,,,,1,,,,,,,,,,Shockley,sys_boot_rtl,sys_boot,,,,,
Single_Internal-USDHC1_SD-NXP_PROV,PLANNED_COVERAGE,,,rom_default,,,,,,,,1,,,,,,,,,,Shockley,sys_boot_rtl,sys_boot,,,,,
Single_Internal-USDHC1_SD-OEM_OPEN,PLANNED_COVERAGE,,,rom_default,,,,,,,,1,,,,,,,,,,Shockley,sys_boot_rtl,sys_boot,,,,,
Single_Internal-USDHC1_SD-OEM_LOCKED,PLANNED_COVERAGE,,,rom_default,,,,,,,,1,,,,,,,,,,Shockley,sys_boot_rtl,sys_boot,,,,,
Single_Internal-USDHC1_SD-OEM_FR,PLANNED_COVERAGE,,,rom_default,,,,,,,,1,,,,,,,,,,Shockley,sys_boot_rtl,sys_boot,,,,,
Single_Internal-USDHC1_SD_SND_4MB_Data_Corrupt,PLANNED_COVERAGE,,,rom_default,,,,,,,,1,,,,,,,,,,Shockley,sys_boot_rtl,sys_boot,,,,,
Single_Internal-USDHC1_SD_SND_4MB_Hash_Corrupt,PLANNED_COVERAGE,,,rom_default,,,,,,,,1,,,,,,,,,,Shockley,sys_boot_rtl,sys_boot,,,,,
Single_Internal-USDHC1_SD_SND_4MB_Ctnr_Corrupt,PLANNED_COVERAGE,,,rom_default,,,,,,,,1,,,,,,,,,,Shockley,sys_boot_rtl,sys_boot,,,,,
Single_Internal-USDHC1_SD_Set1_Newer,PLANNED_COVERAGE,,,rom_default,,,,,,,,1,,,,,,,,,,Shockley,sys_boot_rtl,sys_boot,,,,,
Single_Internal-USDHC1_SD_2MB_Data_Corrupt,PLANNED_COVERAGE,,,rom_default,,,,,,,,1,,,,,,,,,,Shockley,sys_boot_rtl,sys_boot,,,,,
Single_Internal-USDHC1_SD_SND_8MB_Data_Corrupt,PLANNED_COVERAGE,,,rom_default,,,,,,,,1,,,,,,,,,,Jiamin,sys_boot_rtl,sys_boot,,,,,
Single_Internal-USDHC2_eMMC44_8bit_DDR_SND_4MB_Data_Corrupt,PLANNED_COVERAGE,,,rom_default,,,,,,,,1,,,,,,,,,,Shockley,sys_boot_rtl,sys_boot,,,,,
Single_Internal-USDHC2_eMMC44_8bit_DDR_SND_4MB_Hash_Corrupt,PLANNED_COVERAGE,,,rom_default,,,,,,,,1,,,,,,,,,,Shockley,sys_boot_rtl,sys_boot,,,,,
Single_Internal-USDHC2_eMMC44_8bit_DDR_SND_4MB_Ctnr_Corrupt,PLANNED_COVERAGE,,,rom_default,,,,,,,,1,,,,,,,,,,Shockley,sys_boot_rtl,sys_boot,,,,,
Single_Internal-USDHC2_eMMC44_8bit_DDR_Set1_Newer,PLANNED_COVERAGE,,,rom_default,,,,,,,,1,,,,,,,,,,Shockley,sys_boot_rtl,sys_boot,,,,,
Single_Internal-USDHC2_eMMC44_8bit_DDR_2MB_Data_Corrupt,PLANNED_COVERAGE,,,rom_default,,,,,,,,1,,,,,,,,,,Shockley,sys_boot_rtl,sys_boot,,,,,
Single_Internal-USDHC2_emmc44-8bit-DDR-High-boot1-SND_boot2,PLANNED_COVERAGE,,,rom_default,,,,,,,,1,,,,,,,,,,Shockley,sys_boot_rtl,sys_boot,,,,,
Single_Internal-USDHC2_eMMC44_8bit_DDR_SND_8MB_Data_Corrupt,PLANNED_COVERAGE,,,rom_default,,,,,,,,1,,,,,,,,,,Jiamin,sys_boot_rtl,sys_boot,,,,,
LP_Internal-CM33_FlexSPI0_NOR-A35_USDHC0_SD,PLANNED_COVERAGE,,,rom_default,,,,,,,,1,,,,,,,,,,Jiamin,sys_boot_rtl,sys_boot,,,,,
LP_Internal-CM33_FlexSPI0_NOR_SND_4MB_Data_Corrupt-A35_USDHC0_SD,PLANNED_COVERAGE,,,rom_default,,,,,,,,1,,,,,,,,,,Jiamin,sys_boot_rtl,sys_boot,,,,,
LP_Internal-CM33_FlexSPI0_NOR_SND_4MB_Hash_Corrupt-A35_USDHC0_SD,PLANNED_COVERAGE,,,rom_default,,,,,,,,1,,,,,,,,,,Jiamin,sys_boot_rtl,sys_boot,,,,,
LP_Internal-CM33_FlexSPI0_NOR_SND_4MB_Ctnr_Corrupt-A35_USDHC0_SD,PLANNED_COVERAGE,,,rom_default,,,,,,,,1,,,,,,,,,,Jiamin,sys_boot_rtl,sys_boot,,,,,
LP_Internal-CM33_FlexSPI0_NOR_SND_4MB_Set1_Newer-A35_USDHC0_SD,PLANNED_COVERAGE,,,rom_default,,,,,,,,1,,,,,,,,,,Jiamin,sys_boot_rtl,sys_boot,,,,,
LP_Internal-CM33_FlexSPI0_NOR_SND_4MB_Set1_Newer_But_Data_Corrupt-A35_USDHC0_SD,PLANNED_COVERAGE,,,rom_default,,,,,,,,1,,,,,,,,,,Jiamin,sys_boot_rtl,sys_boot,,,,,
LP_Internal-CM33_FlexSPI0_NOR_SND_2MB_Data_Corrupt-A35_USDHC0_SD,PLANNED_COVERAGE,,,rom_default,,,,,,,,1,,,,,,,,,,Jiamin,sys_boot_rtl,sys_boot,,,,,
LP_Internal-CM33_FlexSPI0_NOR_SND_8MB_Data_Corrupt-A35_USDHC0_SD,PLANNED_COVERAGE,,,rom_default,,,,,,,,1,,,,,,,,,,Jiamin,sys_boot_rtl,sys_boot,,,,,
LP_Internal-CM33_FlexSPI0_NAND-A35_USDHC0_SD,PLANNED_COVERAGE,,,rom_default,,,,,,,,1,,,,,,,,,,Ruxu,sys_boot_rtl,sys_boot,,,,,
LP_Internal-CM33_FlexSPI0_NAND_SND_4MB_Data_Corrupt-A35_USDHC0_SD,PLANNED_COVERAGE,,,rom_default,,,,,,,,1,,,,,,,,,,Ruxu,sys_boot_rtl,sys_boot,,,,,
LP_Internal-CM33_FlexSPI0_NAND_SND_4MB_Hash_Corrupt-A35_USDHC0_SD,PLANNED_COVERAGE,,,rom_default,,,,,,,,1,,,,,,,,,,Ruxu,sys_boot_rtl,sys_boot,,,,,
LP_Internal-CM33_FlexSPI0_NAND_SND_4MB_Ctnr_Corrupt-A35_USDHC0_SD,PLANNED_COVERAGE,,,rom_default,,,,,,,,1,,,,,,,,,,Ruxu,sys_boot_rtl,sys_boot,,,,,
LP_Internal-CM33_FlexSPI0_NAND_SND_4MB_Set1_Newer-A35_USDHC0_SD,PLANNED_COVERAGE,,,rom_default,,,,,,,,1,,,,,,,,,,Ruxu,sys_boot_rtl,sys_boot,,,,,
LP_Internal-CM33_FlexSPI0_NAND_SND_4MB_Set1_Newer_But_Data_Corrupt-A35_USDHC0_SD,PLANNED_COVERAGE,,,rom_default,,,,,,,,1,,,,,,,,,,Ruxu,sys_boot_rtl,sys_boot,,,,,
LP_Internal-CM33_FlexSPI0_NAND_SND_2MB_Data_Corrupt-A35_USDHC0_SD,PLANNED_COVERAGE,,,rom_default,,,,,,,,1,,,,,,,,,,Ruxu,sys_boot_rtl,sys_boot,,,,,
LP_Internal-CM33_FlexSPI0_NAND_SND_8MB_Data_Corrupt-A35_USDHC0_SD,PLANNED_COVERAGE,,,rom_default,,,,,,,,1,,,,,,,,,,Ruxu,sys_boot_rtl,sys_boot,,,,,
LP_Internal-CM33_FlexSPI0_NOR_XIP-A35_USDHC0_SD,PLANNED_COVERAGE,,,rom_default,,,,,,,,1,,,,,,,,,,Jiamin,sys_boot_rtl,sys_boot,,,,,
LP_Internal-CM33_FlexSPI0_NOR_XIP_SND_4MB_Data_Corrupt-A35_USDHC0_SD,PLANNED_COVERAGE,,,rom_default,,,,,,,,1,,,,,,,,,,Jiamin,sys_boot_rtl,sys_boot,,,,,
LP_Internal-CM33_FlexSPI0_NOR_XIP_SND_4MB_Hash_Corrupt-A35_USDHC0_SD,PLANNED_COVERAGE,,,rom_default,,,,,,,,1,,,,,,,,,,Jiamin,sys_boot_rtl,sys_boot,,,,,
LP_Internal-CM33_FlexSPI0_NOR_XIP_SND_4MB_Ctnr_Corrupt-A35_USDHC0_SD,PLANNED_COVERAGE,,,rom_default,,,,,,,,1,,,,,,,,,,Jiamin,sys_boot_rtl,sys_boot,,,,,
LP_Internal-CM33_FlexSPI0_NOR_XIP_SND_4MB_Set1_Newer-A35_USDHC0_SD,PLANNED_COVERAGE,,,rom_default,,,,,,,,1,,,,,,,,,,Jiamin,sys_boot_rtl,sys_boot,,,,,
LP_Internal-CM33_FlexSPI0_NOR_XIP_SND_4MB_Set1_Newer_But_Data_Corrupt-A35_USDHC0_SD,PLANNED_COVERAGE,,,rom_default,,,,,,,,1,,,,,,,,,,Jiamin,sys_boot_rtl,sys_boot,,,,,
LP_Internal-CM33_FlexSPI0_NOR_XIP_SND_2MB_Data_Corrupt-A35_USDHC0_SD,PLANNED_COVERAGE,,,rom_default,,,,,,,,1,,,,,,,,,,Jiamin,sys_boot_rtl,sys_boot,,,,,
LP_Internal-CM33_FlexSPI0_NOR_XIP_SND_8MB_Data_Corrupt-A35_USDHC0_SD,PLANNED_COVERAGE,,,rom_default,,,,,,,,1,,,,,,,,,,Jiamin,sys_boot_rtl,sys_boot,,,,,
LP_Internal-CM33_FlexSPI0_NOR_OTFAD-A35_USDHC0_SD,PLANNED_COVERAGE,,,rom_default,,,,,,,,1,,,,,,,,,,Jiamin,sys_boot_rtl,sys_boot,,,,,
LP_Internal-CM33_FlexSPI0_NOR_XIP_OTFAD-A35_USDHC0_SD,PLANNED_COVERAGE,,,rom_default,,,,,,,,1,,,,,,,,,,Jiamin,sys_boot_rtl,sys_boot,,,,,
LP_Internal-CM33_FlexSPI0_NOR_QuadSPI-A35_USDHC0_SD,PLANNED_COVERAGE,,,rom_default,,,,,,,,1,,,,,,,,,,Jiamin,sys_boot_rtl,sys_boot,,,,,
LP_Internal-CM33_FlexSPI0_NOR_Hyperflash-A35_USDHC0_SD,PLANNED_COVERAGE,,,rom_default,,,,,,,,1,,,,,,,,,,Jiamin,sys_boot_rtl,sys_boot,,,,,
Boot flow/Recovery boot ,SECTION,,,,,,,,,,,,,,,,,,,,,,,,,,,,
Dual_Internal-CM33_FlexSPI0_NOR-A35_USDHC0_eMMC44_Invalid-USDHC1_SD_Recovery,PLANNED_COVERAGE,,,rom_default,,,,,,,,1,,,,,,,,,,Shockley,sys_boot_rtl,sys_boot,,,,,
Dual_Internal-CM33_FlexSPI0_NOR-A35_FlexSPI2_NAND_Invalid-USDHC1_SD_Recovery,PLANNED_COVERAGE,,,rom_default,,,,,,,,1,,,,,,,,,,Shockley,sys_boot_rtl,sys_boot,,,,,
Single_Internal-FlexSPI2_NAND_Invalid-USDHC1_SD_Recovery,PLANNED_COVERAGE,,,rom_default,,,,,,,,1,,,,,,,,,,Shockley,sys_boot_rtl,sys_boot,,,,,
Single_Internal-USDHC0_eMMC44_8bit_DDR_Invalid-USDHC1_SD_Recovery,PLANNED_COVERAGE,,,rom_default,,,,,,,,1,,,,,,,,,,Shockley,sys_boot_rtl,sys_boot,,,,,
LP_Internal-CM33_FlexSPI0_NOR-A35_USDHC0_SD_Invalid-USDHC1_SD_Recovery,PLANNED_COVERAGE,,,rom_default,,,,,,,,1,,,,,,,,,,Shockley,sys_boot_rtl,sys_boot,,,,,
Serial Download,SECTION,,,,,,,,,,,,,,,,,,,,,,,,,,,,
Serial_Download-USB0-FAB,PLANNED_COVERAGE,,,rom_default,,,,,,,,1,,,,,,,,,,Xiaojing,sys_boot_rtl,sys_boot,,,,,
Serial_Download-USB0-OEM_FR,PLANNED_COVERAGE,,,rom_default,,,,,,,,1,,,,,,,,,,Xiaojing,sys_boot_rtl,sys_boot,,,,,
Serial_Download-USB0-OEM_LOCKED,PLANNED_COVERAGE,,,rom_default,,,,,,,,1,,,,,,,,,,Xiaojing,sys_boot_rtl,sys_boot,,,,,
Serial_Download-USB0-NXP_FR,PLANNED_COVERAGE,,,rom_default,,,,,,,,1,,,,,,,,,,Xiaojing,sys_boot_rtl,sys_boot,,,,,
Serial_Download-USB0-NXP_PROV,PLANNED_COVERAGE,,,rom_default,,,,,,,,1,,,,,,,,,,Xiaojing,sys_boot_rtl,sys_boot,,,,,
Serial_Download-USB0-OEM_OPEN,PLANNED_COVERAGE,,,rom_default,,,,,,,,1,,,,,,,,,,Xiaojing,sys_boot_rtl,sys_boot,,,,,
Serial_Download-USB0,PLANNED_COVERAGE,,,rom_default,,,,,,,,1,,,,,,,,,,Xiaojing,sys_boot_rtl,sys_boot,,,,,
Serial_Download-USB0_EP0,PLANNED_COVERAGE,,,rom_default,,,,,,,,1,,,,,,,,,,Xiaojing,sys_boot_rtl,sys_boot,,,,,
Serial_Download-USB0_TRIM,PLANNED_COVERAGE,,,rom_default,,,,,,,,1,,,,,,,,,,Xiaojing,sys_boot_rtl,sys_boot,,,,,
Serial_Download-USB0_UID,PLANNED_COVERAGE,,,rom_default,,,,,,,,1,,,,,,,,,,Xiaojing,sys_boot_rtl,sys_boot,,,,,
Boot device unit test,SECTION,,,,,,,,,,,,,,,,,,,,,,,,,,,,
UT-FlexSPI0_NOR_Hyperflash_TEST,PLANNED_COVERAGE,,,rom_default,,,,,,,,1,,,,,,,,,,Jiamin,sys_boot_rtl,sys_boot,,,,,
UT-FlexSPI0_NOR_Misc_TEST,PLANNED_COVERAGE,,,rom_default,,,,,,,,1,,,,,,,,,,Jiamin,sys_boot_rtl,sys_boot,,,,,
UT-FlexSPI0_NOR_OPI_TEST,PLANNED_COVERAGE,,,rom_default,,,,,,,,1,,,,,,,,,,Jiamin,sys_boot_rtl,sys_boot,,,,,
UT-FlexSPI0_NOR_Octal_TEST,PLANNED_COVERAGE,,,rom_default,,,,,,,,1,,,,,,,,,,Jiamin,sys_boot_rtl,sys_boot,,,,,
UT-FlexSPI0_NOR_Parallel_TEST,PLANNED_COVERAGE,,,rom_default,,,,,,,,1,,,,,,,,,,Jiamin,sys_boot_rtl,sys_boot,,,,,
UT-FlexSPI0_NOR_Quad_TEST,PLANNED_COVERAGE,,,rom_default,,,,,,,,1,,,,,,,,,,Ruxu,sys_boot_rtl,sys_boot,,,,,
UT-FlexSPI0_NAND_TEST,PLANNED_COVERAGE,,,rom_default,,,,,,,,1,,,,,,,,,,Jiamin,sys_boot_rtl,sys_boot,,,,,
UT-FlexSPI2_NAND_TEST,PLANNED_COVERAGE,,,rom_default,,,,,,,,1,,,,,,,,,,Jiamin,sys_boot_rtl,sys_boot,,,,,
UT-FlexSPI2_NOR_Hyperflash_TEST,PLANNED_COVERAGE,,,rom_default,,,,,,,,1,,,,,,,,,,Jiamin,sys_boot_rtl,sys_boot,,,,,
UT-FlexSPI2_NOR_Misc_TEST,PLANNED_COVERAGE,,,rom_default,,,,,,,,1,,,,,,,,,,Jiamin,sys_boot_rtl,sys_boot,,,,,
UT-FlexSPI2_NOR_OPI_TEST,PLANNED_COVERAGE,,,rom_default,,,,,,,,1,,,,,,,,,,Jiamin,sys_boot_rtl,sys_boot,,,,,
UT-FlexSPI2_NOR_Octal_TEST,PLANNED_COVERAGE,,,rom_default,,,,,,,,1,,,,,,,,,,Jiamin,sys_boot_rtl,sys_boot,,,,,
UT-FlexSPI2_NOR_Parallel_TEST,PLANNED_COVERAGE,,,rom_default,,,,,,,,1,,,,,,,,,,Jiamin,sys_boot_rtl,sys_boot,,,,,
UT-FlexSPI2_NOR_Quad_TEST,PLANNED_COVERAGE+S224A2B224:P224,,,rom_default,,,,,,,,1,,,,,,,,,,Xiaojing,sys_boot_rtl,sys_boot,,,,,
UT-USB0-20-HS_test,PLANNED_COVERAGE,,,rom_default,,,,,,,,1,,,,,,,,,,Shockley,sys_boot_rtl,sys_boot,,,,,
UT-USDHC0-SDXC,PLANNED_COVERAGE,,,rom_default,,,,,,,,1,,,,,,,,,,Shockley,sys_boot_rtl,sys_boot,,,,,
UT-USDHC0-emmc44,PLANNED_COVERAGE,,,rom_default,,,,,,,,1,,,,,,,,,,Shockley,sys_boot_rtl,sys_boot,,,,,
UT-USDHC0-emmc45,PLANNED_COVERAGE,,,rom_default,,,,,,,,1,,,,,,,,,,Shockley,sys_boot_rtl,sys_boot,,,,,
UT-USDHC1-SDXC,PLANNED_COVERAGE,,,rom_default,,,,,,,,1,,,,,,,,,,Shockley,sys_boot_rtl,sys_boot,,,,,
UT-USDHC1-emmc44,PLANNED_COVERAGE,,,rom_default,,,,,,,,1,,,,,,,,,,Shockley,sys_boot_rtl,sys_boot,,,,,
UT-USDHC1-emmc45,PLANNED_COVERAGE,,,rom_default,,,,,,,,1,,,,,,,,,,Shockley,sys_boot_rtl,sys_boot,,,,,
UT-USDHC2-SDXC,PLANNED_COVERAGE,,,rom_default,,,,,,,,1,,,,,,,,,,Shockley,sys_boot_rtl,sys_boot,,,,,
UT-USDHC2-emmc44,PLANNED_COVERAGE,,,rom_default,,,,,,,,1,,,,,,,,,,Shockley,sys_boot_rtl,sys_boot,,,,,
UT-USDHC2-emmc45,PLANNED_COVERAGE,,,rom_default,,,,,,,,1,,,,,,,,,,Shockley,sys_boot_rtl,sys_boot,,,,,
MISC & Fuse test: TBD,SECTION,,,,,,,,,,,,,,,,,,,,,,,,,,,,
MISC-InfiniteLoop,PLANNED_COVERAGE,,,rom_default,,,,,,,,1,,,,,,,,,,Jiamin,sys_boot_rtl,sys_boot,,,,,
MISC-Fuse_Not_Below,PLANNED_COVERAGE,,,rom_default,,,,,,,,1,,,,,,,,,,Jiamin,sys_boot_rtl,sys_boot,,,,,
MISC-Test_Mode,PLANNED_COVERAGE,,,rom_default,,,,,,,,1,,,,,,,,,,Jiamin,sys_boot_rtl,sys_boot,,,,,
MISC-TEST_A35_ROM-Patch-Test,PLANNED_COVERAGE,,,rom_default,,,,,,,,1,,,,,,,,,,Jiamin,sys_boot_rtl,sys_boot,,,,,
MISC-TEST_M33_ROM-Patch-Test,PLANNED_COVERAGE,,,rom_default,,,,,,,,1,,,,,,,,,,Jiamin,sys_boot_rtl,sys_boot,,,,,
MISC-TEST-SDP-FORCE_INTERNAL_BOOT,PLANNED_COVERAGE,,,rom_default,,,,,,,,1,,,,,,,,,,Jiamin,sys_boot_rtl,sys_boot,,,,,
MISC-TEST-Resume_RTD_PowerDown_Valid_Entry_uPower_FW_LOAD_0,PLANNED_COVERAGE,,,rom_default,,,,,,,,1,,,,,,,,,,Jiamin,sys_boot_rtl,sys_boot,,,,,
MISC-TEST-Resume_RTD_PowerDown_Valid_Entry_uPower_FW_LOAD_1,PLANNED_COVERAGE,,,rom_default,,,,,,,,1,,,,,,,,,,Jiamin,sys_boot_rtl,sys_boot,,,,,
MISC-TEST-Resume_RTD_PowerDown_InValid_Entry,PLANNED_COVERAGE,,,rom_default,,,,,,,,1,,,,,,,,,,Jiamin,sys_boot_rtl,sys_boot,,,,,
MISC-TEST-Resume_RTD_DeepPowerDown_uPower_FW_LOAD_0,PLANNED_COVERAGE,,,rom_default,,,,,,,,1,,,,,,,,,,Jiamin,sys_boot_rtl,sys_boot,,,,,
MISC-TEST-Resume_RTD_DeepPowerDown_uPower_FW_LOAD_1,PLANNED_COVERAGE,,,rom_default,,,,,,,,1,,,,,,,,,,Jiamin,sys_boot_rtl,sys_boot,,,,,
MISC-TEST-Resume_APD_PowerDown_Valid_Entry,PLANNED_COVERAGE,,,rom_default,,,,,,,,1,,,,,,,,,,Jiamin,sys_boot_rtl,sys_boot,,,,,
MISC-TEST-Resume_APD_PowerDown_InValid_Entry,PLANNED_COVERAGE,,,rom_default,,,,,,,,1,,,,,,,,,,Jiamin,sys_boot_rtl,sys_boot,,,,,
MISC-TEST-Resume_APD_DeepPowerDown,PLANNED_COVERAGE,,,rom_default,,,,,,,,1,,,,,,,,,,Jiamin,sys_boot_rtl,sys_boot,,,,,
FUSE_TEST-A35_ICACHE_DISABLE,PLANNED_COVERAGE,,,rom_default,,,,,,,,1,,,,,,,,,,Jiamin,sys_boot_rtl,sys_boot,,,,,
FUSE_TEST-M33_ICACHE_DISABLE,PLANNED_COVERAGE,,,rom_default,,,,,,,,1,,,,,,,,,,Jiamin,sys_boot_rtl,sys_boot,,,,,
FUSE_TEST-DUAL_BOOT-M33_WDOG_ENABLE-A35_WDOG_ENABLE,PLANNED_COVERAGE,,,rom_default,,,,,,,,1,,,,,,,,,,Jiamin,sys_boot_rtl,sys_boot,,,,,
FUSE_TEST-DUAL_BOOT-RTD_FRO_DIVCORE0,PLANNED_COVERAGE,,,rom_default,,,,,,,,1,,,,,,,,,,Jiamin,sys_boot_rtl,sys_boot,,,,,
FUSE_TEST-DUAL_BOOT-RTD_FRO_DIVCORE1,PLANNED_COVERAGE,,,rom_default,,,,,,,,1,,,,,,,,,,Jiamin,sys_boot_rtl,sys_boot,,,,,
FUSE_TEST-DUAL_BOOT-RTD_PLLPFD0_DIVCORE1,PLANNED_COVERAGE,,,rom_default,,,,,,,,1,,,,,,,,,,Jiamin,sys_boot_rtl,sys_boot,,,,,
FUSE_TEST-DUAL_BOOT-APD_FRO_DIVCORE0,PLANNED_COVERAGE,,,rom_default,,,,,,,,1,,,,,,,,,,Jiamin,sys_boot_rtl,sys_boot,,,,,
FUSE_TEST-DUAL_BOOT-APD_FRO_DIVCORE1,PLANNED_COVERAGE,,,rom_default,,,,,,,,1,,,,,,,,,,Jiamin,sys_boot_rtl,sys_boot,,,,,
FUSE_TEST-DUAL_BOOT-APD_PLLPFD0_DIVCORE1_1G,PLANNED_COVERAGE,,,rom_default,,,,,,,,1,,,,,,,,,,Jiamin,sys_boot_rtl,sys_boot,,,,,
FUSE_TEST-DUAL_BOOT-Boot_Failure_Pin,PLANNED_COVERAGE,,,rom_default,,,,,,,,1,,,,,,,,,,Jiamin,sys_boot_rtl,sys_boot,,,,,
FUSE_TEST-DUAL_BOOT-SOSC_SRC_CRYSTAL,PLANNED_COVERAGE,,,rom_default,,,,,,,,1,,,,,,,,,,Jiamin,sys_boot_rtl,sys_boot,,,,,
FUSE_TEST-DUAL_BOOT-EOSC_Freq_30M,PLANNED_COVERAGE,,,rom_default,,,,,,,,1,,,,,,,,,,Jiamin,sys_boot_rtl,sys_boot,,,,,
FUSE_TEST-DUAL_BOOT-EOSC_Freq_19.2M,PLANNED_COVERAGE,,,rom_default,,,,,,,,1,,,,,,,,,,Jiamin,sys_boot_rtl,sys_boot,,,,,
FUSE_TEST-DUAL_BOOT-EOSC_Freq_26M,PLANNED_COVERAGE,,,rom_default,,,,,,,,1,,,,,,,,,,Xiaojing,sys_boot_rtl,sys_boot,,,,,
FUSE_TEST-Serial_Download-SDP_DISABLE,PLANNED_COVERAGE,,,rom_default,,,,,,,,1,,,,,,,,,,Jiamin,sys_boot_rtl,sys_boot,,,,,
FUSE_TEST-Single_Boot-USDHC0_EMMC-S400_FW_PRESENET,PLANNED_COVERAGE,,,rom_default,,,,,,,,1,,,,,,,,,,Jiamin,sys_boot_rtl,sys_boot,,,,,
FUSE_TEST-Single_Boot-USDHC0_EMMC-S400_Not_Exist,PLANNED_COVERAGE,,,rom_default,,,,,,,,1,,,,,,,,,,Jiamin,sys_boot_rtl,sys_boot,,,,,
FUSE_TEST-DUAL_BOOT-FRO_SC_TRIM,PLANNED_COVERAGE,,,rom_default,,,,,,,,1,,,,,,,,,,Jiamin,sys_boot_rtl,sys_boot,,,,,
FUSE_TEST-DUAL_BOOT-PLL_LOCK_OVERRIDE,PLANNED_COVERAGE,,,rom_default,,,,,,,,1,,,,,,,,,,Xiaojing,sys_boot_rtl,sys_boot,,,,,
FUSE_TEST-Serial_Download-USB0_SDP_DISABLE,PLANNED_COVERAGE,,,rom_default,,,,,,,,1,,,,,,,,,,Xiaojing,sys_boot_rtl,sys_boot,,,,,
FUSE_TEST-Serial_Download-USB1_SDP_DISABLE_USEUSB0,PLANNED_COVERAGE,,,rom_default,,,,,,,,1,,,,,,,,,,Xiaojing,sys_boot_rtl,sys_boot,,,,,
Dual_Internal-CM33_FlexSPI0_NOR-A35_USDHC0_SD-NMI0,PLANNED_COVERAGE,,,rom_default,,,,,,,,1,,,,,,,,,,Jiamin,sys_boot_rtl,sys_boot,,,,,
Dual_Internal-CM33_FlexSPI0_NOR-A35_USDHC0_SD-NMI1,PLANNED_COVERAGE,,,rom_default,,,,,,,,1,,,,,,,,,,Jiamin,sys_boot_rtl,sys_boot,,,,,
Single_Internal-FlexSPI2_NOR-AZURE_Enable-FAB,PLANNED_COVERAGE,"FlexSPI NOR Primary boot, LC is FAB",,rom_default,,,,,,,,1,,,,,,,,,,Jiamin,sys_boot_rtl,sys_boot,,,,,
Single_Internal-FlexSPI2_NOR-AZURE_Enable-NXP_FR,PLANNED_COVERAGE,"FlexSPI NOR Primary boot, LC is NXP FR",,rom_default,,,,,,,,1,,,,,,,,,,Jiamin,sys_boot_rtl,sys_boot,,,,,
Single_Internal-FlexSPI2_NOR-AZURE_Enable-NXP_PROV,PLANNED_COVERAGE,"FlexSPI NOR Primary boot, LC is NXP Provision",,rom_default,,,,,,,,1,,,,,,,,,,Jiamin,sys_boot_rtl,sys_boot,,,,,
Single_Internal-USDHC0_emmc-8bit-DDR-High-FB-noack-AZURE_Enable-FAB,PLANNED_COVERAGE,"EMMC (8bit, DDR high speed) Primary boot,  fast boot mode enabled, ack disabled, boot image in user patiition  LC is FAB",,rom_default,,,,,,,,1,,,,,,,,,,Jiamin,sys_boot_rtl,sys_boot,,,,,
Single_Internal-USDHC0_emmc-8bit-DDR-High-FB-noack-AZURE_Enable-NXP_FR,PLANNED_COVERAGE,"EMMC (8bit, DDR high speed) Primary boot,  fast boot mode enabled, ack disabled, boot image in user patiition  LC is NXP FR",,rom_default,,,,,,,,1,,,,,,,,,,Jiamin,sys_boot_rtl,sys_boot,,,,,
Single_Internal-USDHC0_emmc-8bit-DDR-High-FB-noack-AZURE_Enable-NXP_PROV,PLANNED_COVERAGE,"EMMC (8bit, DDR high speed) Primary boot,  fast boot mode enabled, ack disabled, boot image in user patiition  LC is NXP Provision",,rom_default,,,,,,,,1,,,,,,,,,,Jiamin,sys_boot_rtl,sys_boot,,,,,
Serial_Download-USB0-AZURE_Enable-FAB,PLANNED_COVERAGE,"Boot mode is USB serial download,  LC is FAB",,rom_default,,,,,,,,1,,,,,,,,,,Jiamin,sys_boot_rtl,sys_boot,,,,,
Serial_Download-USB0-AZURE_Enable-NXP_FR,PLANNED_COVERAGE,"Boot mode is USB serial download,  LC is NXP FR",,rom_default,,,,,,,,1,,,,,,,,,,Jiamin,sys_boot_rtl,sys_boot,,,,,
Serial_Download-USB0-AZURE_Enable-NXP_PROV,PLANNED_COVERAGE,"Boot mode is USB serial download,  LC is NXP Provision",,rom_default,,,,,,,,1,,,,,,,,,,Jiamin,sys_boot_rtl,sys_boot,,,,,
Single_Internal-FlexSPI2_NOR-AZURE_Enable,PLANNED_COVERAGE,"FlexSPI NOR Primary boot, LC is OEM closed",,rom_default,,,,,,,,1,,,,,,,,,,Jiamin,sys_boot_rtl,sys_boot,,,,,
Single_Internal-FlexSPI2_NOR-AZURE_Enable-OEM_OPEN,PLANNED_COVERAGE,"FlexSPI NOR Primary boot, LC is OEM Open",,rom_default,,,,,,,,1,,,,,,,,,,Jiamin,sys_boot_rtl,sys_boot,,,,,
Single_Internal-FlexSPI2_NOR-AZURE_Enable-OEM_LOCKED,PLANNED_COVERAGE,"FlexSPI NOR Primary boot, LC is OEM Locked",,rom_default,,,,,,,,1,,,,,,,,,,Jiamin,sys_boot_rtl,sys_boot,,,,,
Single_Internal-FlexSPI2_NOR-AZURE_Enable-OEM_FR,PLANNED_COVERAGE,"FlexSPI NOR Primary boot, LC is OEM FR",,rom_default,,,,,,,,1,,,,,,,,,,Jiamin,sys_boot_rtl,sys_boot,,,,,
Single_Internal-FlexSPI2_NOR_SND_4MB-AZURE_Enable,PLANNED_COVERAGE,"FlexSPI NOR Primary boot fails, boot from the 2nd image, the 2nd image offset (relative to device top address) is 4MB.  ",,rom_default,,,,,,,,1,,,,,,,,,,Jiamin,sys_boot_rtl,sys_boot,,,,,
Single_Internal-FlexSPI2_NOR_SND_2MB-AZURE_Enable,PLANNED_COVERAGE,"FlexSPI NOR Primary boot fails, boot from the 2nd image, the 2nd image offset (relative to device top address) is 2MB.",,rom_default,,,,,,,,1,,,,,,,,,,Jiamin,sys_boot_rtl,sys_boot,,,,,
Single_Internal-FlexSPI2_NOR_SND_8MB-AZURE_Enable,PLANNED_COVERAGE,"FlexSPI NOR Primary boot fails, boot from the 2nd image, the 2nd image offset (relative to device top address) is 8MB.",,rom_default,,,,,,,,1,,,,,,,,,,Shockley,sys_boot_rtl,sys_boot,,,,,
Single_Internal-USDHC0_emmc-8bit-DDR-High-FB-BT2-noack-AZURE_Enable,PLANNED_COVERAGE,"EMMC (8bit, DDR high speed) Primary boot,  fast boot mode enabled, ack disabled, boot image in boot patiition2  LC is OEM Closed",,rom_default,,,,,,,,1,,,,,,,,,,Jiamin,sys_boot_rtl,sys_boot,,,,,
Single_Internal-USDHC0_emmc-8bit-DDR-High-FB-BT1-ack-AZURE_Enable-OEM_OPEN,PLANNED_COVERAGE,"EMMC (8bit, DDR high speed) Primary boot,  fast boot mode enabled, ack, boot image in boot patiition1  LC is OEM Open",,rom_default,,,,,,,,1,,,,,,,,,,Jiamin,sys_boot_rtl,sys_boot,,,,,
Single_Internal-USDHC0_emmc-8bit-DDR-High-FB-noack-AZURE_Enable-OEM_LOCKED,PLANNED_COVERAGE,"EMMC (8bit, DDR high speed) Primary boot,  fast boot mode enabled, ack disabled, boot image in user patiition  LC is OEM locked",,rom_default,,,,,,,,1,,,,,,,,,,Jiamin,sys_boot_rtl,sys_boot,,,,,
Single_Internal-USDHC0_emmc-8bit-DDR-High-FB-noack-AZURE_Enable-OEM_FR,PLANNED_COVERAGE,"EMMC (8bit, DDR high speed) Primary boot,  fast boot mode enabled, ack disabled, boot image in user patiition  LC is OEM FR",,rom_default,,,,,,,,1,,,,,,,,,,Jiamin,sys_boot_rtl,sys_boot,,,,,
Single_Internal-USDHC0_emmc-8bit-DDR-High-FB-noack_SND_4MB-AZURE_Enable,PLANNED_COVERAGE,"EMMC Primary boot fails, boot from the 2nd image, both primary and secondary boot image in user partition, the 2nd image offset (relative to device top address) is 4MB.  ",,rom_default,,,,,,,,1,,,,,,,,,,Jiamin,sys_boot_rtl,sys_boot,,,,,
Single_Internal-USDHC0_emmc-8bit-DDR-High-FB-noack-AZURE_Enable-FAB,PLANNED_COVERAGE,"EMMC (8bit, DDR high speed) Primary boot,  fast boot mode enabled, ack disabled, boot image in user patiition  LC is FAB",,rom_default,,,,,,,,1,,,,,,,,,,Jiamin,sys_boot_rtl,sys_boot,,,,,
Single_Internal-USDHC0_emmc-8bit-DDR-High-FB-noack-AZURE_Enable-NXP_FR,PLANNED_COVERAGE,"EMMC (8bit, DDR high speed) Primary boot,  fast boot mode enabled, ack disabled, boot image in user patiition  LC is NXP FR",,rom_default,,,,,,,,1,,,,,,,,,,Jiamin,sys_boot_rtl,sys_boot,,,,,
Single_Internal-USDHC0_emmc-8bit-DDR-High-FB-noack-AZURE_Enable-NXP_PROV,PLANNED_COVERAGE,"EMMC (8bit, DDR high speed) Primary boot,  fast boot mode enabled, ack disabled, boot image in user patiition  LC is NXP PROV",,rom_default,,,,,,,,1,,,,,,,,,,Shockley,sys_boot_rtl,sys_boot,,,,,
Single_Internal-USDHC0_emmc-8bit-DDR-High-FB-BT1-ack_SND-BT2-AZURE_Enable,PLANNED_COVERAGE,"EMMC Primary boot fails, boot from the 2nd image, primary boot image in boot partition1, secondary boot image in boot partition2.",,rom_default,,,,,,,,1,,,,,,,,,,Jiamin,sys_boot_rtl,sys_boot,,,,,
Single_Internal-USDHC0_emmc-8bit-DDR-High-FB-BT2-ack_SND-BT1-AZURE_Enable,PLANNED_COVERAGE,"EMMC Primary boot fails, boot from the 2nd image, primary boot image in boot partition2, secondary boot image in boot partition1.",,rom_default,,,,,,,,1,,,,,,,,,,Jiamin,sys_boot_rtl,sys_boot,,,,,
Single_Internal-USDHC1_SD-4bit-High-AZURE_Enable,PLANNED_COVERAGE,"SD (4bit, high speed) Primary boot,  LC is OEM closed",,rom_default,,,,,,,,1,,,,,,,,,,Jiamin,sys_boot_rtl,sys_boot,,,,,
Single_Internal-USDHC1_SD-4bit-High_SND_4MB-AZURE_Enable,PLANNED_COVERAGE,"SD (4bit, high speed) Primary boot fails, the 2nd image offset (relative to device top address) is 4MB.",,rom_default,,,,,,,,1,,,,,,,,,,Jiamin,sys_boot_rtl,sys_boot,,,,,
Single_Internal-USDHC2_emmc-8bit-DDR-High-AZURE_Enable,PLANNED_COVERAGE,"EMMC (8bit, DDR high speed) Primary boot, boot image in user patiition  LC is OEM locked",,rom_default,,,,,,,,1,,,,,,,,,,Jiamin,sys_boot_rtl,sys_boot,,,,,
Single_Internal-USDHC2_emmc-8bit-DDR-High_SND_4MB-AZURE_Enable,PLANNED_COVERAGE,"EMMC Primary boot fails, boot from the 2nd image, both primary and secondary boot image in user partition, the 2nd image offset (relative to device top address) is 4MB.  ",,rom_default,,,,,,,,1,,,,,,,,,,Jiamin,sys_boot_rtl,sys_boot,,,,,
Single_Internal-USDHC1_SD-Recovery-AZURE_Enable,PLANNED_COVERAGE,"Both priamry and secondary boot fail, boot via SD recovery boot",,rom_default,,,,,,,,1,,,,,,,,,,Jiamin,sys_boot_rtl,sys_boot,,,,,
Single_Internal-LPSPI3_NOR-Recovery-AZURE_Enable,PLANNED_COVERAGE,"Both priamry and secondary boot fail, boot via LPSPI NOR recovery boot",,rom_default,,,,,,,,1,,,,,,,,,,Jiamin,sys_boot_rtl,sys_boot,,,,,
Serial_Download-USB0-AZURE_Enable,PLANNED_COVERAGE,"Boot mode is USB serial download,  LC is OEM Closed",,rom_default,,,,,,,,1,,,,,,,,,,Xiaojing,sys_boot_rtl,sys_boot,,,,,
Serial_Download-USB0-AZURE_Enable-OEM_OPEN,PLANNED_COVERAGE,"Boot mode is USB serial download,  LC is OEM Opend",,rom_default,,,,,,,,1,,,,,,,,,,Jiamin,sys_boot_rtl,sys_boot,,,,,
Serial_Download-USB0-AZURE_Enable-OEM_LOCKED,PLANNED_COVERAGE,"Boot mode is USB serial download,  LC is OEM Locked",,rom_default,,,,,,,,1,,,,,,,,,,Jiamin,sys_boot_rtl,sys_boot,,,,,
Serial_Download-USB0-AZURE_Enable-OEM_FR,PLANNED_COVERAGE,"Boot mode is USB serial download,  LC is OEM FR",,rom_default,,,,,,,,1,,,,,,,,,,Jiamin,sys_boot_rtl,sys_boot,,,,,
Serial_Download-USB0-FlexSPI2_NOR_PRI_FAIL-SND_FAIL-AZURE_Enable,PLANNED_COVERAGE,"Flexspi Primary, secondary and recovery boot fail, boot via USB serial download",,rom_default,,,,,,,,1,,,,,,,,,,Shockley,sys_boot_rtl,sys_boot,,,,,
Serial_Download-USB0-EMMC_PRI_FAIL-SND_FAIL-AZURE_Enable,PLANNED_COVERAGE,"EMMC Primary, secondary and recovery boot fail, boot via USB serial download",,rom_default,,,,,,,,1,,,,,,,,,,Shockley,sys_boot_rtl,sys_boot,,,,,
Dual_Internal_Force-CM33_USB_SDP_ONDEMAND,PLANNED_COVERAGE,"EMMC Primary, secondary and recovery boot fail, boot via USB serial download",,rom_default,,,,,,,,1,,,,,,,,,,Shockley,sys_boot_rtl,sys_boot,,,,,
Dual_Internal-CM33_USB_SDP_ONDEMAND,PLANNED_COVERAGE,"EMMC Primary, secondary and recovery boot fail, boot via USB serial download",,rom_default,,,,,,,,1,,,,,,,,,,Shockley,sys_boot_rtl,sys_boot,,,,,
Dual_Internal-CM33_FlexSPI0_NOR-SND_4M-A35_USDHC0_SD-AZURE_ENABLE-FAB,PLANNED_COVERAGE,"EMMC Primary, secondary and recovery boot fail, boot via USB serial download",,rom_default,,,,,,,,1,,,,,,,,,,Shockley,sys_boot_rtl,sys_boot,,,,,
Dual_Internal-CM33_FlexSPI0_NOR-SND_4M-A35_USDHC0_SD-AZURE_ENABLE-NXP_FR,PLANNED_COVERAGE,"EMMC Primary, secondary and recovery boot fail, boot via USB serial download",,rom_default,,,,,,,,1,,,,,,,,,,Shockley,sys_boot_rtl,sys_boot,,,,,
Dual_Internal-CM33_FlexSPI0_NOR-SND_4M-A35_USDHC0_SD-AZURE_ENABLE-NXP_PROV,PLANNED_COVERAGE,"EMMC Primary, secondary and recovery boot fail, boot via USB serial download",,rom_default,,,,,,,,1,,,,,,,,,,Shockley,sys_boot_rtl,sys_boot,,,,,
Single_Internal-USDHC1_SD-4bit-High-AZURE_Enable-SND_4MB-FAB,PLANNED_COVERAGE,"EMMC Primary, secondary and recovery boot fail, boot via USB serial download",,rom_default,,,,,,,,1,,,,,,,,,,Shockley,sys_boot_rtl,sys_boot,,,,,
Single_Internal-USDHC1_SD-4bit-High-AZURE_Enable-SND_4MB-NXP_PROV,PLANNED_COVERAGE,"EMMC Primary, secondary and recovery boot fail, boot via USB serial download",,rom_default,,,,,,,,1,,,,,,,,,,Shockley,sys_boot_rtl,sys_boot,,,,,
Single_Internal-USDHC1_SD-4bit-High-AZURE_Enable-SND_4MB-NXP_FR,PLANNED_COVERAGE,"EMMC Primary, secondary and recovery boot fail, boot via USB serial download",,rom_default,,,,,,,,1,,,,,,,,,,Shockley,sys_boot_rtl,sys_boot,,,,,
Single_Internal-USDHC2_emmc-8bit-DDR-High_SND_128M-AZURE_Enable,PLANNED_COVERAGE,"EMMC Primary, secondary and recovery boot fail, boot via USB serial download",,rom_default,,,,,,,,1,,,,,,,,,,Shockley,sys_boot_rtl,sys_boot,,,,,
Dual_Internal-CM33_FlexSPI0_NOR-A35_USDHC0_SD-M33_ROMAPI,PLANNED_COVERAGE,"EMMC Primary, secondary and recovery boot fail, boot via USB serial download",,rom_default,,,,,,,,1,,,,,,,,,,Shockley,sys_boot_rtl,sys_boot,,,,,
Single_Internal-USDHC0_emmc44-8bit-DDR-A35_ROMAPI,PLANNED_COVERAGE,"EMMC Primary, secondary and recovery boot fail, boot via USB serial download",,rom_default,,,,,,,,1,,,,,,,,,,Shockley,sys_boot_rtl,sys_boot,,,,,
UT-FlexSPI2_NOR_Error_Branch_TEST,PLANNED_COVERAGE,"EMMC Primary, secondary and recovery boot fail, boot via USB serial download",,rom_default,,,,,,,,1,,,,,,,,,,Shockley,sys_boot_rtl,sys_boot,,,,,
UT-FlexSPI0_NOR_Error_Branch_TEST,PLANNED_COVERAGE,"EMMC Primary, secondary and recovery boot fail, boot via USB serial download",,rom_default,,,,,,,,1,,,,,,,,,,Shockley,sys_boot_rtl,sys_boot,,,,,
UT-Exception,PLANNED_COVERAGE,"EMMC Primary, secondary and recovery boot fail, boot via USB serial download",,rom_default,,,,,,,,1,,,,,,,,,,Shockley,sys_boot_rtl,sys_boot,,,,,
UT-Exception_A35,PLANNED_COVERAGE,"EMMC Primary, secondary and recovery boot fail, boot via USB serial download",,rom_default,,,,,,,,1,,,,,,,,,,Shockley,sys_boot_rtl,sys_boot,,,,,
